id,username
5250874880,advetrcoop
1025897493,Feawk0
6279284821,Cryptoswat
5524811492,Unknown
345870019,Mor940k
709066769,alina_work01
5926439007,andprouu
1991248257,Unknown
5882577061,Nastaytrash
6140904386,geargodg
5825326695,reborneta
5776169603,pikmaestro
5793356100,lukaryt
6052986554,lickpigdk
925503979,Ypalvk
5716441799,KAZILFY
6016854561,CHAL_Albina
5808054381,valeriya_advprm
5480077798,by_sigma
205133791,dmitriy1234569
6131770846,Unknown
5465464160,sanche_sss
6222592928,trenertel18
6052979241,artem_tgg
6227913068,maserads
999580105,java_0076
5043839688,Admrek1
6050455260,evgeniyadmzap
6278012555,tkaoadmin
5351804246,LawPareto
5746797154,idtplayer
5478213604,Moffitu
5953361412,Bestwox
503914100,cnnrpr
6079108220,MaHa7eP1337
6107931520,crypto_obmen_1
6036673476,zakupka777
327192101,NikiPow
827923001,zzzakupp
6150994970,fr1xa_1XS
5996602420,acentum
6142477279,petone_tg
6039061374,elenaekb88
6035732052,kpp_adm
1475259625,DeputatSMM
6371139233,nkkqt
6181356425,asadilka
5176729712,ultistop
6297949196,HEISENBERG
5812226443,sergeiJS1
1686846368,Starsheey
710121332,Modelniy
5814140118,Goodbless88
6054023509,Esimov_tigr3
1076085621,avaqp
842852095,foxyqp
5153077943,LeraVirtOnli
6097937331,doncommerce
5275873525,varvaIeron
5491037554,olha16S
6107658161,Annetcometa
6293724582,annetiks
6604528833,Kerilgarant
5969691394,Tamarrrr8
6574180205,Guess_yu
5060178869,tg_media_admin
6060246882,Deadline
5818539224,Гари Гаритсон
1718927240,bdhd525
6297021260,Rabotyaga77
6592484060,bofnsn22
6052228998,qmal777
6015701117,InsamAdm
6016854561,CHAL_Albina
5686562738,iblackhot
5634504714,scb_dd
6556192741,Andr_Durov
895545937,KukuruzaLeon
5161146617,di_perignon
5897682858,Jdocbio89
479548488,raburik0
2035128931,Zero636
5919888545,RS_MEDIA_GROUP7
5607039074,kas_19911_kas
1215302342,kaban_55
6700175270,Permanent link
6905344373,RelaxRuslanTM
6948996324,Bekho_manag
6523100387,Jessie_commerce
6850418609,Damncomerse
5241388622,mushegdjan
948319514,v1sual_tg
954439550,nursgl
6932536245,rekrutdd
1719021912,shaggy_rodgers
6702362732,moderatortk